study_id,record_id,title,year,doi,phase,pair_a_coders,pair_b_coders,single_coder
S001,REC_00715,Effects and acceptance of precision education in an AI-supported smart learning environment,2022,10.1007/s10639-021-10664-3,Phase 0: Calibration,"R1, R2, R3, R4","R1, R2, R3, R4",
S002,REC_00718,Understanding key drivers affecting students' use of artificial intelligence-based voice assistants,2022,10.1007/s10639-022-10947-3,Phase 2: Single,,,R4
S003,REC_00720,"Adoption, use and enhancement of virtual learning during COVID-19",2022,10.1007/s10639-022-10985-x,Phase 1: Pair B,,"R3, R4",
S004,REC_14042,AI-Based Chatbots Adoption Model for Higher-Education Institutions: A Hybrid PLS-SEM-Neural Network Modelling Approach,2022,10.3390/su141912726,Phase 2: Single,,,R4
S005,REC_02174,Exploring the role of intrinsic motivation in ChatGPT adoption to support active learning: An extension of the technology acceptance model,2023,10.1016/j.caeai.2023.100178,Phase 1: Pair A,"R1, R2",,
S006,REC_02175,ChatGPT in higher education learning: Acceptance and use,2023,10.1016/j.caeai.2023.100190,Phase 2: Single,,,R1
S007,REC_06594,The impact of technology readiness and use perceptions on students’ adoption of artificial intelligence: the moderating role of gender,2023,10.1108/DLO-07-2022-0133,Phase 1: Pair B,,"R3, R4",
S008,REC_07574,Understanding the Factors Influencing Higher Education Students' Intention to Adopt Artificial Intelligence-Based Robots,2023,10.1109/ACCESS.2023.3314499,Phase 2: Single,,,R3
S009,REC_10820,Examining students' intention to use ChatGPT: Does trust matter?,2023,10.14742/ajet.8956,Phase 1: Pair A,"R1, R2",,
S010,REC_13258,To use or not to use? Understanding doctoral students' acceptance of ChatGPT in writing through technology acceptance model,2023,10.3389/fpsyg.2023.1259531,Phase 0: Calibration,"R1, R2, R3, R4","R1, R2, R3, R4",
S011,REC_13681,Modeling Students' Perceptions of Chatbots in Learning: Integrating Technology Acceptance with the Value-Based Adoption Model,2023,10.3390/educsci13111151,Phase 1: Pair B,,"R3, R4",
S012,REC_14052,"Determinants of Intentions to Use Digital Mental Healthcare Content among University Students, Faculty, and Staff: Motivation, Perceived Usefulness, Perceived Ease of Use, and Parasocial Interaction with AI Chatbot",2023,10.3390/su15010872,Phase 1: Pair A,"R1, R2",,
S013,REC_15354,Use of ChatGPT at University as a Tool for Complex Thinking: Students' Perceived Usefulness,2023,10.7821/naer.2023.7.1458,Phase 1: Pair B,,"R3, R4",
S014,REC_00743,Investigating student acceptance of an academic advising chatbot in higher education institutions,2024,10.1007/s10639-023-12076-x,Phase 1: Pair B,,"R3, R4",
S015,REC_00750,Factors influencing students' intention to adopt and use ChatGPT in higher education: A study in the Vietnamese context,2024,10.1007/s10639-023-12333-z,Phase 2: Single,,,R2
S016,REC_00758,Gen-AI integration in higher education: Predicting intentions using SEM-ANN approach,2024,10.1007/s10639-024-12506-4,Phase 1: Pair A,"R1, R2",,
S017,REC_00762,Investigating AI-based academic support acceptance and its impact on students' performance in Malaysian and Pakistani higher education institutions,2024,10.1007/s10639-024-12599-x,Phase 1: Pair B,,"R3, R4",
S018,REC_00766,Examining the moderating effect of motivation on technology acceptance of generative AI for English as a foreign language learning,2024,10.1007/s10639-024-12763-3,Phase 1: Pair B,,"R3, R4",
S019,REC_00902,Students' Acceptance of ChatGPT in Higher Education: An Extended Unified Theory of Acceptance and Use of Technology,2024,10.1007/s10755-023-09686-1,Phase 1: Pair A,"R1, R2",,
S020,REC_02179,"Integrating the adapted UTAUT model with moral obligation, trust and perceived risk to predict ChatGPT adoption for assessment support: A survey with students",2024,10.1016/j.caeai.2024.100246,Phase 1: Pair A,"R1, R2",,
S021,REC_02188,"Exploring the paradoxical use of ChatGPT in education: Analyzing benefits, risks, and coping strategies through integrated UTAUT and PMT theories using a hybrid approach of SEM and fsQCA",2024,10.1016/j.caeai.2024.100329,Phase 1: Pair B,,"R3, R4",
S022,REC_02212,Do in-service teachers accept artificial intelligence-driven technology? The mediating role of school support and resources,2024,10.1016/j.caeo.2024.100191,Phase 2: Single,,,R4
S023,REC_02343,Chat-GPT; validating Technology Acceptance Model (TAM) in education sector via ubiquitous learning mechanism,2024,10.1016/j.chb.2023.108097,Phase 2: Single,,,R4
S024,REC_02728,Extended TAM based acceptance of AI-Powered ChatGPT for supporting metacognitive self-regulated learning in education: A mixed-methods study,2024,10.1016/j.heliyon.2024.e29317,Phase 1: Pair A,"R1, R2",,
S025,REC_03884,ChatGPT acceptance and use through UTAUT and TPB: A big survey in five Indonesian Universities,2024,10.1016/j.ssaho.2024.101136,Phase 2: Single,,,R3
S026,REC_04767,Impact of AI chatbots on EFL learners' technology adoption,2024,10.1075/is.24019.hua,Phase 2: Single,,,R3
S027,REC_05107,Understanding University Students' Acceptance of ChatGPT: Insights from the UTAUT2 Model,2024,10.1080/08839514.2024.2371168,Phase 1: Pair B,,"R3, R4",
S028,REC_05388,Factors Influencing Learner Attitudes Towards ChatGPT-Assisted Language Learning in Higher Education,2024,10.1080/10447318.2023.2261725,Phase 2: Single,,,R4
S029,REC_05486,To use or not to use ChatGPT in higher education? A study of students' acceptance and use of technology,2024,10.1080/10494820.2023.2209881,Phase 2: Single,,,R2
S030,REC_06019,Revolutionizing education: Artificial intelligence empowered learning in higher education,2024,10.1080/2331186x.2023.2293431,Phase 1: Pair A,"R1, R2",,
S031,REC_06020,Exploring pre-service biology teachers' intention to teach genetics using an AI intelligent tutoring - based system,2024,10.1080/2331186X.2024.2310976,Phase 2: Single,,,R4
S032,REC_06031,Investigating the adoption of AI in higher education: a study of public universities in Indonesia,2024,10.1080/2331186X.2024.2380175,Phase 2: Single,,,R3
S033,REC_06032,An exploratory study of artificial intelligence adoption in higher education,2024,10.1080/2331186X.2024.2386892,Phase 1: Pair B,,"R3, R4",
S034,REC_06066,Economics students' behavioural intention and usage of ChatGPT in higher education: a hybrid structural equation modelling-artificial neural network approach,2024,10.1080/23311886.2023.2300177,Phase 2: Single,,,R2
S035,REC_06994,Students' adoption of AI-based teacher-bots (T-bots) for learning in higher education,2024,10.1108/itp-02-2021-0152,Phase 1: Pair A,"R1, R2",,
S036,REC_07104,Second language writing anxiety and ChatGPT adoption as an automated writing evaluation tool,2024,10.1108/JARHE-06-2024-0260,Phase 2: Single,,,R2
S037,REC_07192,Examining ChatGPT adoption among educators in higher educational institutions using extended UTAUT model,2024,10.1108/jices-03-2024-0033,Phase 1: Pair B,,"R3, R4",
S038,REC_07274,Integrating Tam and UGT to explore students’ motivation for using ChatGPT for learning in Vietnam,2024,10.1108/JRIT-05-2024-0116,Phase 1: Pair A,"R1, R2",,
S039,REC_07602,College Teachers' Behavioral Intention to Adopt Artificial Intelligence-Assisted Teaching Systems,2024,10.1109/ACCESS.2024.3445909,Phase 2: Single,,,R3
S040,REC_07876,Investigation of the moderation effect of gender and study level on the acceptance and use of generative AI by higher education students: Comparative evidence from Poland and Egypt,2024,10.1111/bjet.13425,Phase 2: Single,,,R1
S041,REC_07879,"Using explainable AI to unravel classroom dialogue analysis: Effects of explanations on teachers' trust, technology acceptance and cognitive load",2024,10.1111/bjet.13466,Phase 1: Pair A,"R1, R2",,
S042,REC_07976,University Learners' Readiness for ChatGPT-Assisted English Learning: Scale Development and Validation,2024,10.1111/ejed.12886,Phase 1: Pair A,"R1, R2",,
S043,REC_08196,Factors Influencing University Students' Behavioural Intention to Use Generative Artificial Intelligence for Educational Purposes Based on a Revised UTAUT2 Model,2024,10.1111/jcal.13105,Phase 2: Single,,,R1
S044,REC_08981,Factors Shaping the Adoption of AI Tools among Gen Z: An Extended UTAUT2 Model Investigation Using CB-SEM,2024,10.1177/02704676241283362,Phase 1: Pair A,"R1, R2",,
S045,REC_09420,Development and Validation of the Artificial Intelligence Learning Intention Scale (AILIS) for University Students,2024,10.1177/21582440241242188,Phase 1: Pair B,,"R3, R4",
S046,REC_09430,Factors Influencing the Acceptance of ChatGPT in High Education: An Integrated Model With PLS-SEM and fsQCA Approach,2024,10.1177/21582440241289835,Phase 0: Calibration,"R1, R2, R3, R4","R1, R2, R3, R4",
S047,REC_09729,AI in medical education: the moderating role of the chilling effect and STARA awareness,2024,10.1186/s12909-024-05627-4,Phase 1: Pair A,"R1, R2",,
S048,REC_09969,Acceptance of artificial intelligence and its effect on entrepreneurial intention in foreign trade students: a mirror analysis,2024,10.1186/s13731-024-00412-5,Phase 1: Pair B,,"R3, R4",
S049,REC_10258,New Challenges of Learning Accounting With Artificial Intelligence: The Role of Innovation and Trust in Technology,2024,10.12973/eu-jer.13.1.183,Phase 1: Pair B,,"R3, R4",
S050,REC_11131,"Exploring indian students’ perception, behavioral intentions, and motivation for learning with chatgpt",2024,10.17010/pijom/2024/v17i12/174055,Phase 2: Single,,,R1
S051,REC_11281,Factors Affecting Students’ Willingness to Use Artificial Intelligence in University Settings,2024,10.18178/ijiet.2024.14.12.2207,Phase 1: Pair B,,"R3, R4",
S052,REC_11451,Understanding teachers' intentions and use of AI tools for research,2024,10.20368/1971-8829/1135969,Phase 1: Pair A,"R1, R2",,
S053,REC_11866,"Utilization of, Perceptions on, and Intention to Use AI Chatbots Among Medical Students in China: National Cross-Sectional Study",2024,10.2196/57132,Phase 1: Pair B,,"R3, R4",
S054,REC_12203,Using Artificial Intelligence Technology to Improve Business English Language Teaching Effectiveness,2024,10.2478/amns-2024-2365,Phase 1: Pair A,"R1, R2",,
S055,REC_12376,Exploring Factors Influencing Gen Z's Acceptance and Adoption of AI and Cloud-Based Applications and Tools in Academic Attainment,2024,10.28991/ESJ-2024-08-03-02,Phase 0: Calibration,"R1, R2, R3, R4","R1, R2, R3, R4",
S056,REC_12567,Impact and Perspectives of Generative Artificial Intelligence in Higher Education: A Study on Lecturers' Perception and Adoption using the AETGE/GATE Model; Impacto y Perspectivas de la Inteligencia Artificial Generativa en la Educación Superior: Un Estudio sobre la Percepción y Adopción Docente usando el modelo AETGE/GATE,2024,10.48009/3_iis_2024_119,Phase 2: Single,,,R2
S057,REC_13687,Acceptance of Educational Artificial Intelligence by Teachers and Its Relationship with Some Variables and Pedagogical Beliefs,2024,10.3390/educsci14070740,Phase 1: Pair B,,"R3, R4",
S058,REC_13699,"Modeling Teachers' Acceptance of Generative Artificial Intelligence Use in Higher Education: The Role of AI Literacy, Intelligent TPACK, and Perceived Trust",2024,10.3390/educsci14111209,Phase 2: Single,,,R4
S059,REC_13749,Examining Students' Acceptance and Use of ChatGPT in Saudi Arabian Higher Education,2024,10.3390/ejihpe14030047,Phase 1: Pair B,,"R3, R4",
S060,REC_13881,Determinants of Humanities and Social Sciences Students' Intentions to Use Artificial Intelligence Applications for Academic Purposes,2024,10.3390/info15060314,Phase 2: Single,,,R1
S061,REC_13891,Chatbot Technology Use and Acceptance Using Educational Personas,2024,10.3390/informatics11020038,Phase 1: Pair B,,"R3, R4",
S062,REC_13892,AI Literacy and Intention to Use Text-Based GenAI for Learning: The Case of Business Students in Korea,2024,10.3390/informatics11030054,Phase 2: Single,,,R2
S063,REC_14089,The Use of AI-Driven Automation to Enhance Student Learning Experiences in the KSA: An Alternative Pathway to Sustainable Education,2024,10.3390/su16145970,Phase 2: Single,,,R2
S064,REC_14137,Exploring the Key Factors Influencing College Students' Willingness to Use AI Coding Assistant Tools: An Expanded Technology Acceptance Model,2024,10.3390/systems12050176,Phase 2: Single,,,R1
S065,REC_14450,Understanding Chinese University EFL Learners' Perceptions of AI in English Writing,2024,10.4018/IJCALLT.358918,Phase 1: Pair A,"R1, R2",,
S066,REC_14478,Factors Affecting the Adoption and Use of ChatGPT in Higher Education,2024,10.4018/IJICTE.339557,Phase 2: Single,,,R4
S067,REC_14749,Examining generative artificial intelligence adoption in academia: a UTAUT perspective,2024,10.48009/3_iis_2024_119,Phase 2: Single,,,R1
S068,REC_14878,Antecedents of adoption and usage of ChatGPT among Jordanian university students: Empirical study,2024,10.5267/j.ijdns.2023.11.024,Phase 2: Single,,,R1
S069,REC_14879,"Artificial intelligence in Jordanian education: Assessing acceptance via perceived cybersecurity, novelty value, and perceived trust",2024,10.5267/j.ijdns.2023.12.022,Phase 0: Calibration,"R1, R2, R3, R4","R1, R2, R3, R4",
S070,REC_14884,Factors affecting ChatGPT use in education employing TAM: A Jordanian universities’ perspective,2024,10.5267/j.ijdns.2024.3.007,Phase 2: Single,,,R4
S071,REC_14934,Artificial Intelligence Powered Pedagogy: Unveiling Higher Educators' Acceptance with Extended TAM,2024,10.53761/s1pkk784,Phase 2: Single,,,R1
S072,REC_15014,"The determinants of ChatGPT usage among accounting students: the role of habit, social influence, and facilitating conditions",2024,10.5604/01.3001.0054.7264,Phase 2: Single,,,R3
S073,REC_15051,Every Coin has Two Sides: Navigating Factors of Generative Pre-Trained Transformer Adoption Intentions Among Educators in Thailand,2024,10.57239/PJLSS-2024-22.1.00424,Phase 1: Pair B,,"R3, R4",
S074,REC_00090,Determinants of Adopting 3D Technology Integrated With Artificial Intelligence in STEM Higher Education: A UTAUT2 Model Approach,2025,10.1002/cae.70019,Phase 2: Single,,,R1
S075,REC_00780,The moderating role of technology proficiency and academic discipline in AI-chatbot adoption within higher education: Insights from a PLS-SEM analysis,2025,10.1007/s10639-024-13023-0,Phase 1: Pair B,,"R3, R4",
S076,REC_00784,Unveiling the drivers of ChatGPT utilization in higher education sectors: the direct role of perceived knowledge and the mediating role of trust in ChatGPT,2025,10.1007/s10639-024-13095-y,Phase 1: Pair B,,"R3, R4",
S077,REC_00793,Just learn it? How individual differences and HMSAM impact learners' intention to engage in AI-related education,2025,10.1007/s10639-024-13199-5,Phase 2: Single,,,R1
S078,REC_00807,Exploring the adoption of AI-enabled English learning applications among university students using extended UTAUT2 model,2025,10.1007/s10639-025-13349-3,Phase 1: Pair A,"R1, R2",,
S079,REC_00809,"Artificial intelligence teaching assistant adoption in university education: Key drivers through the ability, motivation and opportunity framework",2025,10.1007/s10639-025-13360-8,Phase 2: Single,,,R4
S080,REC_00818,Students' behavioural intention to use content generative AI for learning and research: A UTAUT theoretical perspective,2025,10.1007/s10639-025-13441-8,Phase 2: Single,,,R3
S081,REC_00821,Bridging expectations and reality: Addressing the price-value paradox in teachers' AI integration,2025,10.1007/s10639-025-13466-z,Phase 2: Single,,,R2
S082,REC_00824,International perspectives on artificial intelligence in higher education: An explorative study of students' intention to use ChatGPT across the Nordic countries and the USA,2025,10.1007/s10639-025-13492-x,Phase 2: Single,,,R1
S083,REC_00825,Modeling Chinese EFL learners' intention to use generative AI for L2 writing through an integrated model of the TAM and TTF,2025,10.1007/s10639-025-13505-9,Phase 1: Pair A,"R1, R2",,
S084,REC_00827,College students' use behavior of generative AI and its influencing factors under the unified theory of acceptance and use of technology model,2025,10.1007/s10639-025-13508-6,Phase 2: Single,,,R2
S085,REC_00829,Exploring factors that influence graduate students' intention to use generative artificial intelligence in academic research: PLS-SEM and fsQCA methods,2025,10.1007/s10639-025-13530-8,Phase 2: Single,,,R3
S086,REC_00831,The role of perceived utility and ethical concerns in the adoption of AI-based data analysis tools: A multi-group structural equation model analysis among academic researchers,2025,10.1007/s10639-025-13535-3,Phase 2: Single,,,R4
S087,REC_00832,Unlocking ChatGPT's potential: a comparative study of student adoption intentions in higher education across India and Poland,2025,10.1007/s10639-025-13536-2,Phase 1: Pair A,"R1, R2",,
S088,REC_00834,Exploring the acceptance of generative artificial intelligence-assisted learning and design creation among students in art design specialties: based on the extended TAM model,2025,10.1007/s10639-025-13551-3,Phase 1: Pair A,"R1, R2",,
S089,REC_00838,Are university teachers ready for generative artificial intelligence? Unpacking faculty anxiety in the ChatGPT era,2025,10.1007/s10639-025-13585-7,Phase 2: Single,,,R1
S090,REC_00840,Extending the TAM framework: Exploring learning motivation and agility in educational adoption of generative AI,2025,10.1007/s10639-025-13591-9,Phase 2: Single,,,R1
S091,REC_00841,Exploring user awareness and perceived usefulness of generative AI in higher education: The moderating role of trust,2025,10.1007/s10639-025-13612-7,Phase 1: Pair A,"R1, R2",,
S092,REC_00918,Is Anxiety Affecting the Adoption of ChatGPT in University Teaching? A Gender Perspective,2025,10.1007/s10758-025-09830-0,Phase 1: Pair B,,"R3, R4",
S093,REC_00922,Generative AI in Action: Acceptance and Use Among Higher Education Staff Pre- and Post-training,2025,10.1007/s10758-025-09915-w,Phase 2: Single,,,R3
S094,REC_00933,Instrumental and integrative motivations predict intention to use generative AI chatbots for English learning among undergraduates with non English majors in Chinese private universities,2025,10.1007/s10791-025-09753-5,Phase 2: Single,,,R1
S095,REC_01111,Students’ acceptance and use of generative AI in pharmacy education: international cross-sectional survey based on the extended unified theory of acceptance and use of technology,2025,10.1007/s11096-025-01936-w,Phase 2: Single,,,R4
S096,REC_01255,Understanding pre-service teachers' acceptance of generative artificial intelligence: an extended technology acceptance model approach,2025,10.1007/s11423-025-10495-w,Phase 1: Pair A,"R1, R2",,
S097,REC_01286,What Factors Affect the Adoption Intention and Actual Use of ChatGPT in Higher Education? The Moderating Role of Academic Integrity,2025,10.1007/s11528-025-01096-8,Phase 2: Single,,,R4
S098,REC_01467,Exploring the usage behavior of generative artificial intelligence: a case study of ChatGPT with insights into the moderating effects of habit and personal innovativeness,2025,10.1007/s12144-024-07193-w,Phase 1: Pair B,,"R3, R4",
S099,REC_01673,Factors influencing Chinese college students' intention to use AIGC: a study based on the UTAUT model,2025,10.1007/s13198-025-02772-x,Phase 2: Single,,,R3
S100,REC_01916,Impact of perceived ease of use and perceived usefulness of humanoid robots on students' intention to use,2025,10.1016/j.actpsy.2025.105217,Phase 0: Calibration,"R1, R2, R3, R4","R1, R2, R3, R4",
S101,REC_01922,Key factors influencing intention to use ChatGPT: An empirical study of U. S. students,2025,10.1016/j.actpsy.2025.105516,Phase 2: Single,,,R3
S102,REC_01931,The psychology of AI adoption in education: University students' intentions to use Large Language Models for learning from a TAM and TPB perspective,2025,10.1016/j.actpsy.2025.105789,Phase 1: Pair A,"R1, R2",,
S103,REC_01932,Association between Generative AI self-efficacy and Generative AI acceptance: The mediating role of Generative AI trust and the moderating role of Generative AI risk perception,2025,10.1016/j.actpsy.2025.105791,Phase 2: Single,,,R4
S104,REC_02192,A cross-national assessment of artificial intelligence (AI) Chatbot user perceptions in collegiate physics education,2025,10.1016/j.caeai.2025.100365,Phase 1: Pair A,"R1, R2",,
S105,REC_02194,"Extending the technology acceptance model: The role of subjective norms, ethics, and trust in AI tool adoption among students",2025,10.1016/j.caeai.2025.100379,Phase 2: Single,,,R1
S106,REC_02197,What influences college students using AI for academic writing? - A quantitative analysis based on HISAM and TRI theory,2025,10.1016/j.caeai.2025.100391,Phase 1: Pair A,"R1, R2",,
S107,REC_02204,Understanding of ChatGPT adoption among business school students,2025,10.1016/j.caeai.2025.100441,Phase 1: Pair B,,"R3, R4",
S108,REC_02205,Factors affecting acceptance of ChatGPT-4o by English language instructors: The extended TAM approach,2025,10.1016/j.caeai.2025.100452,Phase 2: Single,,,R4
S109,REC_02208,"Factors influencing intention to adopt an AI chatbot for learning in higher education: An integrated PLS-SEM, IPMA, and ANN approach",2025,10.1016/j.caeai.2025.100477,Phase 2: Single,,,R3
S110,REC_02358,ChatGPT in higher education - A Student's perspective,2025,10.1016/j.chbr.2024.100565,Phase 2: Single,,,R1
S111,REC_02756,Patients' Acceptance and Intentions on Using Artificial Intelligence in Dental Diagnosis: Insights From Unified Theory of Acceptance and Use of Technology 2 Model,2025,10.1016/j.identj.2025.103893,Phase 1: Pair A,"R1, R2",,
S112,REC_02906,Integrating AI chatbots for enhancing academic support in business education: A SEM-Based study toward sustainable learning,2025,10.1016/j.ijme.2025.101252,Phase 2: Single,,,R1
S113,REC_03259,Responsibility and AI: Exploring technology acceptance models,2025,10.1016/j.jik.2025.100852,Phase 1: Pair A,"R1, R2",,
S114,REC_03559,Factors affecting Artificial Intelligence usage intention among nursing students: Unified theory of acceptance and use of technology,2025,10.1016/j.nedt.2025.106780,Phase 2: Single,,,R2
S115,REC_03938,University EFL instructors' engagement with generative AI: A cross-cultural analysis,2025,10.1016/j.system.2025.103861,Phase 2: Single,,,R3
S116,REC_04000,The predictive effect of nursing students' attitudes and acceptance towards artificial intelligence on their clinical competencies,2025,10.1016/j.teln.2025.02.036,Phase 2: Single,,,R2
S117,REC_04748,Factors influencing the acceptance and use of ChatGPT among English as a foreign language learners in Saudi Arabia,2025,10.1057/s41599-025-04945-2,Phase 2: Single,,,R2
S118,REC_04751,"Artificial intelligence, social influence, and AI anxiety: analyzing the intentions of science doctoral students to use ChatGPT with PLS-SEM",2025,10.1057/s41599-025-05641-x,Phase 1: Pair A,"R1, R2",,
S119,REC_04752,Bridging AI literacy and UTAUT constructs: structural equation modeling of AI adoption among Chinese university students,2025,10.1057/s41599-025-05775-y,Phase 2: Single,,,R4
S120,REC_04899,"Understanding students' adoption of the ChatGPT chatbot in higher education: the role of anthropomorphism, trust, design novelty and institutional policy",2025,10.1080/0144929X.2024.2317364,Phase 1: Pair B,,"R3, R4",
S121,REC_04941,Exploring factors influencing L2 learners’ use of GAI-assisted writing technology: based on the UTAUT model,2025,10.1080/02188791.2025.2505664,Phase 1: Pair B,,"R3, R4",
S122,REC_05023,Examining factors influencing university students' adoption of generative artificial intelligence: a cross-country study,2025,10.1080/03075079.2024.2427786,Phase 2: Single,,,R4
S123,REC_05025,Technology empowerment or risk avoidance? - investigating the overlooked factors influencing college students' acceptance of generative artificial intelligence,2025,10.1080/03075079.2025.2571674,Phase 2: Single,,,R2
S124,REC_05243,Modeling students’ perceptions of artificial intelligence assisted language learning,2025,10.1080/09588221.2023.2246519,Phase 2: Single,,,R3
S125,REC_05414,"The (Un)Knowledgeable, the (Un)Skilled? Undertaking Chat-GPT Users' Benefit-Risk-Coping Paradox in Higher Education Focusing on an Integrated, UTAUT and PMT",2025,10.1080/10447318.2024.2365028,Phase 2: Single,,,R3
S126,REC_05489,A study on behavioral intentions of artificial intelligence learning platform: Comparing the perspectives of teachers and students,2025,10.1080/10494820.2024.2343752,Phase 1: Pair A,"R1, R2",,
S127,REC_05491,"Predictors of higher education students' behavioural intention and usage of ChatGPT: the moderating roles of age, gender and experience",2025,10.1080/10494820.2024.2362805,Phase 2: Single,,,R2
S128,REC_05497,Examining the influence of individual-level cultural values on CFL learners’ acceptance of ChatGPT for Chinese learning,2025,10.1080/10494820.2024.2443785,Phase 1: Pair B,,"R3, R4",
S129,REC_05503,Proposing a conceptual model for the adoption of artificial intelligence by teachers in STEM education,2025,10.1080/10494820.2025.2457350,Phase 2: Single,,,R2
S130,REC_05619,The Implications of Generative Artificial Intelligence in Gastronomy and Culinary Arts Education: An Extended TAM Approach,2025,10.1080/10963758.2025.2586522,Phase 2: Single,,,R2
S131,REC_05775,Predictors of university students' acceptance of ChatGPT in Chinese academic context,2025,10.1080/14703297.2025.2498530,Phase 0: Calibration,"R1, R2, R3, R4","R1, R2, R3, R4",
S132,REC_05926,Factors affecting EFL students' behavioral intention to use AI in EFL writing development,2025,10.1080/17501229.2025.2563695,Phase 1: Pair B,,"R3, R4",
S133,REC_06041,Leveraging AI in academia: university students' adoption of ChatGPT for writing coursework (take home) assignments through the lens of UTAUT2,2025,10.1080/2331186X.2025.2485522,Phase 2: Single,,,R4
S134,REC_06042,Factors influencing the acceptance and usage of ChatGPT as an emerging learning tool among higher education students in Bangladesh: a structural equation modeling,2025,10.1080/2331186X.2025.2504224,Phase 2: Single,,,R1
S135,REC_06051,Student utilization and perceptions of AI technology for academic purposes: a mixed-method analysis,2025,10.1080/2331186X.2025.2553835,Phase 2: Single,,,R3
S136,REC_06057,AIDUA (artificial intelligence device use and acceptance) model to assess the acceptance of AI in the learning practices of higher education students,2025,10.1080/2331186x.2025.2560618,Phase 2: Single,,,R2
S137,REC_06061,Examining factors influencing university students' perceptions of AI technologies in academic writing,2025,10.1080/2331186x.2025.2587487,Phase 2: Single,,,R3
S138,REC_06064,The role of perceived trust and technology anxiety in intention to use technology tools in HEI: applying the modified UTAUT from user behavior context,2025,10.1080/2331186X.2025.2597051,Phase 1: Pair A,"R1, R2",,
S139,REC_06072,Understanding behavioral intentions of UG and PG students in Tier II Indian cities toward AI-technology adoption in higher education: a mixed-methods approach using the SOR model,2025,10.1080/23311886.2025.2476044,Phase 2: Single,,,R4
S140,REC_06516,Physics instructors' acceptance and implementation of generative AI,2025,10.1103/r2fn-kdy4,Phase 2: Single,,,R2
S141,REC_06658,"Dimensions of artificial intelligence acceptance among pre-service EFL teachers: exploring usability, usefulness, social norms, ethics and intentions using ChatGPT",2025,10.1108/EL-12-2024-0391,Phase 2: Single,,,R2
S142,REC_06711,Factors affecting intention of academic librarians in Pakistan universities to use AI tools: an extension of the UTAUT model,2025,10.1108/GKMC-08-2024-0560,Phase 2: Single,,,R3
S143,REC_06725,Assessing attitudes and impact of AI integration in higher education,2025,10.1108/heswbl-02-2024-0065,Phase 1: Pair A,"R1, R2",,
S144,REC_06726,AI as my teacher: adoption of AI-driven virtual teaching assistants among students using the unified theory of acceptance and use of technology 2,2025,10.1108/HESWBL-02-2025-0062,Phase 2: Single,,,R2
S145,REC_06735,Developing enrollment intentions for work-based learning that uses artificial intelligence (AI): aspects for marketing interventions for higher education institutions,2025,10.1108/HESWBL-10-2024-0315,Phase 2: Single,,,R3
S146,REC_07099,Understanding AI acceptance among Indonesian pre-service teachers: the mediating role of anxiety and self-efficacy in a UTAUT framework,2025,10.1108/JARHE-05-2025-0358,Phase 1: Pair A,"R1, R2",,
S147,REC_07117,Exploring student adoption of ChatGPT: an extended UTAUT2 framework analysis using structural equation modeling,2025,10.1108/JARHE-09-2024-0519,Phase 1: Pair B,,"R3, R4",
S148,REC_07204,ChatGPT in the classroom: navigating the generative AI wave among international business students - a moderated mediation approach,2025,10.1108/JIEB-08-2024-0097,Phase 1: Pair B,,"R3, R4",
S149,REC_07616,The Influence of Social Support Theory on AI Acceptance: Examining Educational Support and Perceived Usefulness Using SEM Analysis,2025,10.1109/ACCESS.2025.3534099,Phase 2: Single,,,R3
S150,REC_07619,What Motivates Second Language Majors to Use Generative AI for Informal Learning? Insights From the Theory of Planned Behavior,2025,10.1109/ACCESS.2025.3544489,Phase 2: Single,,,R3
S151,REC_07630,Key Factors Influencing Preservice Chinese Teachers' Willingness for Implementing AI Applications in Higher Education,2025,10.1109/ACCESS.2025.3568834,Phase 1: Pair B,,"R3, R4",
S152,REC_07671,Determinants of Generative AI Adoption Through the UTAUT Model: Insights From Postgraduate Business Students,2025,10.1109/RITA.2025.3613135,Phase 2: Single,,,R2
S153,REC_07999,Gen AI Literacy and Acceptance Among EFL Teachers: An Exploration Through the UTAUT Model and Self-Determination Theory,2025,10.1111/ejed.70364,Phase 1: Pair B,,"R3, R4",
S154,REC_08053,What Drives University Students to Use ChatGPT for Translation? Disciplinary and Experiential Influences,2025,10.1111/ijal.12856,Phase 1: Pair A,"R1, R2",,
S155,REC_08198,College Students' Behavioural Intentions of AI-Assisted Language Learning: Based on the Technology Acceptance Model,2025,10.1111/jcal.70075,Phase 2: Single,,,R3
S156,REC_08613,AI Adoption and Educational Effectiveness in Emerging Higher Education Institutions: The Moderating Role of Digital Literacy and Institutional Support,2025,10.1142/S021964922550090X,Phase 1: Pair B,,"R3, R4",
S157,REC_08634,Understanding the Effect of Risk Perception on the Acceptance and Use of Large Language Models Among University Students,2025,10.1145/3757693,Phase 2: Single,,,R3
S158,REC_08960,Investigating the factors influencing the adoption and use of artificial intelligence applications among Pakistani university research scholars: An empirical study,2025,10.1177/02666669251333147,Phase 2: Single,,,R4
S159,REC_08967,"Impact of technology literacy, information literacy, and user satisfaction on the adoption of GAI-ChatGPT for learning, knowledge acquisition, and knowledge dissemination among Chinese students",2025,10.1177/02666669251366666,Phase 1: Pair B,,"R3, R4",
S160,REC_08993,Generative AI in Higher Education Assessments: Examining Risk and Tech-Savviness on Student's Adoption,2025,10.1177/02734753241302459,Phase 1: Pair A,"R1, R2",,
S161,REC_09123,Impact of AI adoption on the digital workplace and accounting education for university students,2025,10.1177/09504222251376760,Phase 2: Single,,,R3
S162,REC_09449,Generative AI Use Among Saudi and Korean Language Learners in Higher Education: Examination Through a Modified TAM Framework,2025,10.1177/21582440251387804,Phase 1: Pair B,,"R3, R4",
S163,REC_09455,Predicting Chinese Postgraduates' Intention to Use Generative Artificial Intelligence in Academic Writing: A Sequential Exploratory Mixed-Method Study,2025,10.1177/21582440251406744,Phase 2: Single,,,R2
S164,REC_09466,"Chatting Heavily with ChatGPT: Investigating Usefulness, Privacy, Integrity, Ease, and Intention as Drivers of Technology Acceptance Among Business Communication Students",2025,10.1177/23294906251319016,Phase 2: Single,,,R2
S165,REC_09774,Assessing ChatGPT adoption in Jordanian medical education: a UTAUT model approach,2025,10.1186/s12909-025-07336-y,Phase 2: Single,,,R4
S166,REC_09777,Using Generative AI in nursing education: Students' perceptions,2025,10.1186/s12909-025-07416-z,Phase 2: Single,,,R1
S167,REC_09827,"Generative artificial intelligence acceptance, anxiety, and behavioral intention in the middle east: a TAM-based structural equation modelling approach",2025,10.1186/s12912-025-03436-8,Phase 1: Pair A,"R1, R2",,
S168,REC_09828,Insights into the relationship between anxiety and attitudes toward artificial intelligence among nursing students,2025,10.1186/s12912-025-03490-2,Phase 1: Pair B,,"R3, R4",
S169,REC_09832,Applying the technology acceptance model to examine factors influencing chatbot use in HPV prevention education among nursing students,2025,10.1186/s12912-025-03620-w,Phase 1: Pair B,,"R3, R4",
S170,REC_10018,What is the influence of psychosocial factors on artificial intelligence appropriation in college students?,2025,10.1186/s40359-024-02328-x,Phase 2: Single,,,R1
S171,REC_10134,Artificial intelligence and communication technologies in academia: faculty perceptions and the adoption of generative AI,2025,10.1186/s41239-025-00511-7,Phase 2: Single,,,R4
S172,REC_10137,In GenAI we trust: An investigation of university students' reliance on and resistance to generative AI in language learning,2025,10.1186/s41239-025-00547-9,Phase 1: Pair B,,"R3, R4",
S173,REC_10262,Determining Factors Influencing Indonesian Higher Education Students' Intention to Adopt Artificial Intelligence Tools for Self-Directed Learning Management,2025,10.12973/eu-jer.14.3.805,Phase 2: Single,,,R3
S174,REC_10950,Understanding university students' adoption of ChatGPT: A TAM-based exploration of key factors,2025,10.15240/tul/001/2025-5-023,Phase 1: Pair A,"R1, R2",,
S175,REC_11027,Antecedents of students' behavioural intention to use generative artificial intelligence: Quantitative research,2025,10.15678/EBER.2025.130101,Phase 2: Single,,,R1
S176,REC_11073,Factors affecting Indonesian pre-service EFL teachers' AI acceptance and use,2025,10.1590/1983-3652.2025.57135,Phase 2: Single,,,R1
S177,REC_11293,The Use of ChatGPT in Academic Writing by University Students in Jordan,2025,10.18178/ijiet.2025.15.7.2348,Phase 2: Single,,,R2
S178,REC_11299,Unleashing the determinants of adoption of ChatGPT in medical education: A student perspective,2025,10.18231/j.ijfcm.11419.1758619569,Phase 1: Pair B,,"R3, R4",
S179,REC_11401,Integrating AI in Academia: A SEM Evaluation of Research Scholars’ Usage Intentions on ChatGPT,2025,10.18870/hlrc.v15i2.1598,Phase 2: Single,,,R3
S180,REC_11462,The impact of artificial intelligence on maker education: Motivation and technology acceptance in teacher training,2025,10.20448/jeelr.v12i2.6893,Phase 2: Single,,,R1
S181,REC_11946,Acceptance of AI-Powered Chatbots Among Physiotherapy Students: International Cross-Sectional Study,2025,10.2196/76574,Phase 0: Calibration,"R1, R2, R3, R4","R1, R2, R3, R4",
S182,REC_12164,Factors Driving ChatGPT Adoption in Higher Education: A UTAUT-Based Analysis of Student Behavioural Intentions,2025,https://ajue.uitm.edu.my/wp-content/uploads/2025/06/42-Tehreem-Factors-Driving-ChatGPT-Adoption.pdf,Phase 2: Single,,,R4
S183,REC_12170,FACTORS INFLUENCING ARTIFICIAL INTELLIGENCE (AI) ADOPTION AMONG MALAYSIAN STUDENTS: A PARTIAL LEAST SQUARE-STRUCTURAL EQUATION MODELING APPROACH,2025,10.24200/jonus.vol10iss2pp475-493,Phase 1: Pair A,"R1, R2",,
S184,REC_12266,Determinants of Generative AI Adoption in Higher Education: A Social Science Perspective on Thai Faculty Behavioral Intentions,2025,10.26417/bamx9m98,Phase 2: Single,,,R4
S185,REC_12366,A MODEL FOR THE ADOPTION OF ARTIFICIAL INTELLIGENCE IN INCLUSIVE EDUCATION: AN EXPLORATORY STUDY OF KEY FACTORS AND EXPERT INSIGHTS,2025,10.28945/5612,Phase 1: Pair B,,"R3, R4",
S186,REC_12381,Predicting EFL Students’ Use of Artificial Intelligence Tool in Advancing Their Writing Skills,2025,10.28991/ESJ-2025-SIED1-018,Phase 2: Single,,,R2
S187,REC_12458,Investigating EFL Learners’ Perceptions of Using AI to Enhance English Vocabulary Acquisition Based on The Technology Acceptance Model,2025,10.30564/fls.v7i2.8593,Phase 1: Pair A,"R1, R2",,
S188,REC_12496,Higher education students' ChatGPT use behavior: Structural equation modelling of contributing factors through a modified UTAUT model,2025,10.30935/cedtech/17243,Phase 2: Single,,,R2
S189,REC_12680,Factors Influencing International Students' Adoption of Generative Artificial Intelligence: The Mediating Role of Perceived Values and Attitudes,2025,10.32674/fnwdpn48,Phase 2: Single,,,R1
S190,REC_12813,Faculty acceptance and use of generative artificial intelligence in their practice,2025,10.3389/feduc.2025.1427450,Phase 1: Pair A,"R1, R2",,
S191,REC_12837,The moderating role of ethnic culture on adoption intention of generative artificial intelligence among university students,2025,10.3389/feduc.2025.1622620,Phase 1: Pair B,,"R3, R4",
S192,REC_12844,Exploring the acceptance of ChatGPT in higher education: a comprehensive quantitative study of university students and faculty,2025,10.3389/feduc.2025.1652292,Phase 1: Pair A,"R1, R2",,
S193,REC_12850,Motivational and appraisal factors shaping generative AI use and intention in Austrian higher education students and teachers,2025,10.3389/feduc.2025.1677827,Phase 1: Pair A,"R1, R2",,
S194,REC_12853,Adoption intention of generative artificial intelligence among Chinese college students: an extended TAM-UTAUT2 model from the four-helix perspective,2025,10.3389/feduc.2025.1686408,Phase 2: Single,,,R4
S195,REC_12854,Balancing generative AI integration and faculty well-being: evidence from Chinese higher education,2025,10.3389/feduc.2025.1688902,Phase 1: Pair A,"R1, R2",,
S196,REC_13303,Exploring pre-service music teachers' acceptance of generative artificial intelligence: a PLS-SEM-ANN approach,2025,10.3389/fpsyg.2025.1571279,Phase 1: Pair A,"R1, R2",,
S197,REC_13312,"Exploring AI tool adoption in higher education: evidence from a PLS-SEM model integrating multimodal literacy, self-efficacy, and university support",2025,10.3389/fpsyg.2025.1619391,Phase 2: Single,,,R1
S198,REC_13556,Prediction of the Use of Generative Artificial Intelligence Through ChatGPT Among Costa Rican University Students: A PLS Model Based on UTAUT2,2025,10.3390/app15063363,Phase 1: Pair A,"R1, R2",,
S199,REC_13564,Academic Level as a Moderator in University Students' Acceptance of Educational AI Chatbots: An Extended TAM3 Model,2025,10.3390/app151910603,Phase 2: Single,,,R4
S200,REC_13573,Examining the Acceptance and Use of AI-Based Assistive Technology Among University Students with Visual Disability: The Moderating Role of Physical Self-Esteem,2025,10.3390/bioengineering12101095,Phase 2: Single,,,R2
S201,REC_13643,Examining the Influence of AI on Python Programming Education: An Empirical Study and Analysis of Student Acceptance Through TAM3,2025,10.3390/computers14100411,Phase 2: Single,,,R4
S202,REC_13706,Mindsets Matter: A Mediation Analysis of the Role of a Technological Growth Mindset in Generative Artificial Intelligence Usage in Higher Education,2025,10.3390/educsci15030310,Phase 1: Pair B,,"R3, R4",
S203,REC_13714,Generative AI as a Cognitive Co-Pilot in English Language Learning in Higher Education,2025,10.3390/educsci15060686,Phase 1: Pair B,,"R3, R4",
S204,REC_13717,ChatGPT or Human Mentors? Student Perceptions of Technology Acceptance and Use and the Future of Mentorship in Higher Education,2025,10.3390/educsci15060746,Phase 2: Single,,,R2
S205,REC_13718,Habit Predicting Higher Education EFL Students' Intention and Use of AI: A Nexus of UTAUT-2 Model and Metacognition Theory,2025,10.3390/educsci15060756,Phase 2: Single,,,R3
S206,REC_13723,Learners' Acceptance of ChatGPT in School,2025,10.3390/educsci15070904,Phase 2: Single,,,R4
S207,REC_13727,Exploring Generation Z's Acceptance of Artificial Intelligence in Higher Education: A TAM and UTAUT-Based PLS-SEM and Cluster Analysis,2025,10.3390/educsci15081044,Phase 1: Pair A,"R1, R2",,
S208,REC_13734,Factors Influencing the Reported Intention of Higher Vocational Computer Science Students in China to Use AI After Ethical Training: A Study in Guangdong Province,2025,10.3390/educsci15111431,Phase 1: Pair A,"R1, R2",,
S209,REC_13753,Responses to the AI Revolution in Hospitality and Tourism Higher Education: The Perception of Students Towards Accepting and Using Microsoft Copilot,2025,10.3390/ejihpe15030035,Phase 2: Single,,,R3
S210,REC_13780,Modeling Student Acceptance of AI Technologies in Higher Education: A Hybrid SEM-ANN Approach,2025,10.3390/fi17120581,Phase 2: Single,,,R2
S211,REC_13884,Determinants of ChatGPT Adoption Intention in Higher Education: Expanding on TAM with the Mediating Roles of Trust and Risk,2025,10.3390/info16020082,Phase 2: Single,,,R1
S212,REC_13887,"Trust in Generative AI Tools: A Comparative Study of Higher Education Students, Teachers, and Researchers",2025,10.3390/info16070622,Phase 1: Pair B,,"R3, R4",
S213,REC_13975,Artificial Intelligence Adoption Amongst Digitally Proficient Trainee Teachers: A Structural Equation Modelling Approach,2025,10.3390/socsci14060355,Phase 2: Single,,,R1
S214,REC_14103,Exploring the Determinants of the Sustainable Use of Artificial Intelligence in Peruvian University Teachers: A Structural Equation Modeling Analysis,2025,10.3390/su17072834,Phase 2: Single,,,R3
S215,REC_14110,Sustainable AI Solutions for Empowering Visually Impaired Students: The Role of Assistive Technologies in Academic Success,2025,10.3390/su17125609,Phase 1: Pair A,"R1, R2",,
S216,REC_14177,Research Article A detailed examination of faculty acceptance of artificial intelligence: Insights from key variables,2025,10.33902/jpsp.202534245,Phase 0: Calibration,"R1, R2, R3, R4","R1, R2, R3, R4",
S217,REC_14209,Determinants of Student Adoption of Generative AI in Higher Education,2025,10.34190/ejel.23.1.3599,Phase 1: Pair A,"R1, R2",,
S218,REC_14211,The Role of Learning Motivation Factors in Deepseek Generative AI Adoption among Higher Education Students in India,2025,10.34190/ejel.23.4.4245,Phase 1: Pair B,,"R3, R4",
S219,REC_14246,Battle of AI chatbots: Graduate students’ perceptions of ChatGPT versus Gemini for learning purposes in Egyptian higher education,2025,10.37074/jalt.2025.8.1.7,Phase 1: Pair B,,"R3, R4",
S220,REC_14248,"Student acceptance of ChatGPT in higher education: A mixed-method study of attitudes, intentions, and concerns",2025,10.37074/jalt.2025.8.2.7,Phase 1: Pair B,,"R3, R4",
S221,REC_14511,Measuring Graduate Students' Use of ChatGPT in Academic Writing Based on the Technology Acceptance Model,2025,10.4018/IJWLTT.392931,Phase 2: Single,,,R1
S222,REC_14719,The Use of Artificial Intelligence in Accounting Classes: Behavioral Insights from Students,2025,10.47738/jads.v6i3.781,Phase 1: Pair B,,"R3, R4",
S223,REC_14931,Perceived Ease of Use and Usefulness in AI-Generated Content Adoption: Gender as a Moderator,2025,10.53761/gka8jq15,Phase 1: Pair A,"R1, R2",,
S224,REC_15667,Mapping Edifying Territories: A Cross-Sectional Study on the Dynamics Influencing Students' Readiness and Intention to Clinch Artificial Intelligence,2025,https://www.researchgate.net/profile/Cristina-Teresa-Lim/publication/392840057_Mapping_Edifying_Territories_A_Cross-Sectional_Study_on_the_Dynamics_Influencing_Students'_Readiness_and_Intention_to_Clinch_Artificial_Intelligence/links/6854e82793040b17338c2993/Mapping-Edifying-Territories-A-Cross-Sectional-Study-on-the-Dynamics-Influencing-Students-Readiness-and-Intention-to-Clinch-Artificial-Intelligence.pdf,Phase 1: Pair B,,"R3, R4",
S225,REC_05446,Exploring the Factors on the Acceptance of Generative Artificial Intelligence Teaching Assistants: The Perspective of Technology Acceptance Model,2026,10.1080/10447318.2025.2513581,Phase 0: Calibration,"R1, R2, R3, R4","R1, R2, R3, R4",
